sceAta_driver,fun,010F750B,sceAtaExecSetFeaturesCmd,matching
sceAta_driver,fun,01248DA2,sceAtaAhbClearIntr,matching
sceAta_driver,fun,071D3D4D,sceAtaTerm,matching
sceAta_driver,fun,0B53CAD8,sceAtaGetByteLimitCount,matching
sceAta_driver,fun,110D3739,sceAtaSetDriveStat,matching
sceAta_driver,fun,1C8DA2FD,sceAtaSetDeviceIntr,matching
sceAta_driver,fun,1DF6C4D2,sceAtaExecCmd,matching
sceAta_driver,fun,1E6202F8,sceAtaAhbGetIntrMask,matching
sceAta_driver,fun,1F05F48C,sceAtaCheckXferReady,matching
sceAta_driver,fun,298DDC3D,sceAtaAhbInit,matching
sceAta_driver,fun,2AE26E08,sceAtaSetDescriptorTableIntr,matching
sceAta_driver,fun,2E32045A,sceAtaAhbSetIntrMask,matching
sceAta_driver,fun,322460B6,sceAtaAhbSetAHBCtl,matching
sceAta_driver,fun,3A61BF97,sceAtaIsNormalDriveStat,matching
sceAta_driver,fun,3AA3FA39,sceAtaSelectDevice,matching
sceAta_driver,fun,4222D6F3,sceAta_driver_4222D6F3,
sceAta_driver,fun,4844EB0C,sceAtaAhbSetPioTiming,matching
sceAta_driver,fun,4D225674,sceAta_driver_4D225674,
sceAta_driver,fun,52D9A4CA,sceAtaGetAtaDrive,matching
sceAta_driver,fun,638EEA14,sceAta_driver_638EEA14,
sceAta_driver,fun,689FCB7D,sceAta_driver_689FCB7D,
sceAta_driver,fun,6C58F096,sceAtaWaitBusBusy1,matching
sceAta_driver,fun,6E639701,sceAtaScanDevice,matching
sceAta_driver,fun,6FD8E2AB,sceAtaDisplayReqSense,matching
sceAta_driver,fun,76C0923D,sceAta_driver_76C0923D,
sceAta_driver,fun,7BBA095C,sceAtaClearDriveStat,matching
sceAta_driver,fun,7C6B31D8,sceAtaDisplayIPD,matching
sceAta_driver,fun,7DE9E14A,sceAtaAhbEnableIntr,matching
sceAta_driver,fun,84E14690,sceAtaCheckPacketCmdComplete,matching
sceAta_driver,fun,8CADA96B,sceAtaAhbGetDDRSize,matching
sceAta_driver,fun,943FC7AC,sceAtaAhbGetDevStat,matching
sceAta_driver,fun,9AE67E14,sceAtaGetDriveStat,matching
sceAta_driver,fun,9CA52F94,sceAtaExecIPDCmd,matching
sceAta_driver,fun,9D98086E,sceAtaSetBusErrorIntr,matching
sceAta_driver,fun,A62258FD,sceAtaAhbGetRevisionId,matching
sceAta_driver,fun,AC800B1D,sceAtaDisableClkIo,matching
sceAta_driver,fun,AC84FF0A,sceAtaAhbSetUDMATiming,matching
sceAta_driver,fun,ACCEE63F,sceAtaDoSoftResetBit,matching
sceAta_driver,fun,ACFF7CB5,sceAtaIsReadableDriveStat,matching
sceAta_driver,fun,AE100256,sceAtaAhbSetAtaBlock,matching
sceAta_driver,fun,B176BB2E,sceAtaInit,matching
sceAta_driver,fun,B5982381,sceAta_driver_B5982381,
sceAta_driver,fun,B6BED47E,sceAtaAccessDataPort,matching
sceAta_driver,fun,B7F5B2CA,sceAtaSetIntrFlag,matching
sceAta_driver,fun,B863FD83,sceAtaCheckDeviceReady,matching
sceAta_driver,fun,B985F2B0,sceAtaAhbSetDDRSize,matching
sceAta_driver,fun,B9C9F2E4,sceAtaExecSeekCmd,matching
sceAta_driver,fun,BDEA51A5,sceAtaExecIdleStandbyCmd,matching
sceAta_driver,fun,BE07B3A7,sceAta_driver_BE07B3A7,
sceAta_driver,fun,C10F87AB,sceAtaAhbGetEventFlag,matching
sceAta_driver,fun,C144826E,sceAta_driver_C144826E,
sceAta_driver,fun,C21318E6,sceAtaWaitBusBusy2,matching
sceAta_driver,fun,C4060B8A,sceAtaExecDeviceResetCmd,matching
sceAta_driver,fun,C74F04B7,sceAtaExecPacketCmd,matching
sceAta_driver,fun,C8BC8B83,sceAtaStart,matching
sceAta_driver,fun,CDC50BF0,sceAtaStop,matching
sceAta_driver,fun,D1E6E175,sceAtaEnableClkIo,matching
sceAta_driver,fun,D6BF0B85,sceAtaAhbSetMDMATiming,matching
sceAta_driver,fun,D8E525CB,sceAtaGetIntrFlag,matching
sceAta_driver,fun,E3E1EED7,sceAta_driver_E3E1EED7,
sceAta_driver,fun,E3F01009,sceAtaAhbReadIntr,matching
sceAta_driver,fun,EBB91566,sceAtaSetupAtaBlock,matching
sceAta_driver,fun,F512A273,sceAtaAhbSetPioCtl,matching
sceAta_driver,fun,F61EAFC0,sceAta_driver_F61EAFC0,
sceAta_driver,fun,F6AC2E5D,sceAtaAhbTerm,matching
sceAta_driver,fun,F76A5B9C,sceAtaAhbGetAtaBlock,matching
sceAta_driver,fun,FCF939D9,sceAtaGetAtaCallBack,matching
sceAta_driver,fun,FDDF4C74,sceAtaExecPSPResetCmd,matching
sceAta_driver,fun,6DE1C65F,sceAtaAccessDataPortIE,matching
sceAta_driver,fun,A77C230B,sceAtaWaitBusBusyIE,matching
sceAta_driver,fun,AB66789B,sceAtaExecCmdIE,matching
sceAta_driver,fun,BA09142A,sceAtaCheckXferReadyIE,matching
sceAta_driver,fun,BDD30DEE,sceAtaExecPacketCmdIE,matching
sceAta_driver,fun,C7B02795,sceAtaCheckPacketCmdCompleteIE,matching
sceAta_driver,fun,12805193,sceAtaAhbSetupBus,matching
sceAta_driver,fun,1C29566B,sceAtaGetIntrStateFlag,matching
sceAta_driver,fun,68DEA2FF,sceAtaClearIntrStateFlag,matching
sceAta_driver,fun,6FC42083,sceAtaIsDvdDrive,matching
sceAta_driver,fun,7F551D66,sceAtaSetIntrStateFlag,matching
sceAta_driver,fun,DCC8A89E,sceAtaIsUmdDrive,matching
sceAta_driver,fun,EFE3C7FA,sceAtaAccessDataPortTS,matching
sceAta_driver,fun,FC7B031E,sceAtaExecPacketCmdTS,matching
syslib,fun,D632ACDB,module_start,matching
syslib,var,F01D73A7,module_info,matching
syslib,var,11B97506,module_sdk_version,matching
