sceGe_driver,fun,03444EB4,sceGeListSync,matching
sceGe_driver,fun,05DB22CE,sceGeUnsetCallback,matching
sceGe_driver,fun,0BF608FB,sceGeRestoreContext,matching
sceGe_driver,fun,114E1745,sceGeEdramSetRefreshParam,matching
sceGe_driver,fun,1C0D95A6,sceGeListEnQueueHead,matching
sceGe_driver,fun,1F6752AD,sceGeEdramGetSize,matching
sceGe_driver,fun,438A385A,sceGeSaveContext,matching
sceGe_driver,fun,4C06E472,sceGeContinue,matching
sceGe_driver,fun,57C8945B,sceGeGetMtx,matching
sceGe_driver,fun,5FB86AB0,sceGeListDeQueue,matching
sceGe_driver,fun,71FCD1D6,sceGeInit,matching
sceGe_driver,fun,8F185DF7,sceGeEdramInit,matching
sceGe_driver,fun,9DA4A75F,sceGeSetGeometryClock,matching
sceGe_driver,fun,9F2C2948,sceGeEnd,matching
sceGe_driver,fun,A4FC06A4,sceGeSetCallback,matching
sceGe_driver,fun,AB49E76A,sceGeListEnQueue,matching
sceGe_driver,fun,B287BD61,sceGeDrawSync,matching
sceGe_driver,fun,B415364D,sceGeGetReg,matching
sceGe_driver,fun,B448EC0D,sceGeBreak,matching
sceGe_driver,fun,B77905EA,sceGeEdramSetAddrTranslation,matching
sceGe_driver,fun,DC93CFEF,sceGeGetCmd,matching
sceGe_driver,fun,E0D68148,sceGeListUpdateStallAddr,matching
sceGe_driver,fun,E47E40E4,sceGeEdramGetAddr,matching
sceGe_driver,fun,3EFC0D64,sceGeDecodeListId,matching
sceGe_driver,fun,51C8BB60,sceGeSetReg,matching
sceGe_driver,fun,51D44C58,sceGeSetCmd,matching
sceGe_driver,fun,5A0103E6,sceGeSetMtx,matching
sceGe_driver,fun,67B01D8E,sceGeGetList,matching
sceGe_driver,fun,E66CB92E,sceGeGetStack,matching
sceGe_driver,fun,7B481502,sceGeGetBreakpoint,matching
sceGe_driver,fun,9ACFF59D,sceGeGetListIdList,matching
sceGe_driver,fun,AEC21518,sceGePutBreakpoint,matching
sceGe_driver,fun,5BAA5439,sceGeEdramSetSize,matching
sceGe_driver,fun,BAD6E1CA,sceGeRegisterLogHandler,matching
sceGe_driver,fun,C576E897,sceGeEdramGetHwSize,matching
sceGe_user,fun,03444EB4,sceGeListSync,matching
sceGe_user,fun,05DB22CE,sceGeUnsetCallback,matching
sceGe_user,fun,0BF608FB,sceGeRestoreContext,matching
sceGe_user,fun,1C0D95A6,sceGeListEnQueueHead,matching
sceGe_user,fun,1F6752AD,sceGeEdramGetSize,matching
sceGe_user,fun,438A385A,sceGeSaveContext,matching
sceGe_user,fun,4C06E472,sceGeContinue,matching
sceGe_user,fun,57C8945B,sceGeGetMtx,matching
sceGe_user,fun,5FB86AB0,sceGeListDeQueue,matching
sceGe_user,fun,A4FC06A4,sceGeSetCallback,matching
sceGe_user,fun,AB49E76A,sceGeListEnQueue,matching
sceGe_user,fun,B287BD61,sceGeDrawSync,matching
sceGe_user,fun,B448EC0D,sceGeBreak,matching
sceGe_user,fun,B77905EA,sceGeEdramSetAddrTranslation,matching
sceGe_user,fun,DC93CFEF,sceGeGetCmd,matching
sceGe_user,fun,E0D68148,sceGeListUpdateStallAddr,matching
sceGe_user,fun,E47E40E4,sceGeEdramGetAddr,matching
sceGe_user,fun,E66CB92E,sceGeGetStack,matching
syslib,fun,D632ACDB,module_start,matching
syslib,fun,ADF12745,module_reboot_phase,matching
syslib,fun,2F064FA6,module_reboot_before,matching
syslib,var,F01D73A7,module_info,matching
syslib,var,11B97506,module_sdk_version,matching
