sceAudioRouting,fun,36FD8AA9,sceAudioRoutingSetMode,matching
sceAudioRouting,fun,39240E7D,sceAudioRoutingGetMode,matching
sceAudioRouting,fun,28235C56,sceAudioRoutingGetVolumeMode,matching
sceAudioRouting,fun,BB548475,sceAudioRoutingSetVolumeMode,matching
sceAudioRouting_driver,fun,36FD8AA9,sceAudioRoutingSetMode,matching
sceAudioRouting_driver,fun,39240E7D,sceAudioRoutingGetMode,matching
sceAudioRouting_driver,fun,28235C56,sceAudioRoutingGetVolumeMode,matching
sceAudioRouting_driver,fun,BB548475,sceAudioRoutingSetVolumeMode,matching
sceImpose,fun,381BD9E7,sceImposeHomeButton,matching
sceImpose,fun,68676C0A,sceImpose_68676C0A,
sceImpose,fun,0F341BE4,sceImposeGetHomePopup,matching
sceImpose,fun,24FD7BCF,sceImposeGetLanguageMode,matching
sceImpose,fun,36AA6E91,sceImposeSetLanguageMode,matching
sceImpose,fun,5595A71A,sceImposeSetHomePopup,matching
sceImpose,fun,72189C48,sceImposeSetUMDPopup,matching
sceImpose,fun,8C943191,sceImposeGetBatteryIconStatus,matching
sceImpose,fun,E0887BC8,sceImposeGetUMDPopup,matching
sceImpose,fun,9BA61B49,sceImposeReadSpecialButton,matching
sceImpose,fun,8F6E3518,sceImposeGetBacklightOffTime,matching
sceImpose,fun,967F6D4A,sceImposeSetBacklightOffTime,matching
sceImpose,fun,A9884B00,sceImpose_A9884B00,
sceImpose,fun,BB3F5DEC,sceImpose_BB3F5DEC,
sceImpose,fun,FCD44963,sceImpose_FCD44963,
sceImpose,fun,FF1A2F07,sceImpose_FF1A2F07,
sceImpose_driver,fun,1AEED8FE,sceImposeSuspend,matching
sceImpose_driver,fun,1B6E3400,sceImposeGetStatus,matching
sceImpose_driver,fun,531C9778,sceImposeGetParam,matching
sceImpose_driver,fun,810FB7FB,sceImposeSetParam,matching
sceImpose_driver,fun,86924032,sceImposeResume,matching
sceImpose_driver,fun,9C8C6C81,sceImposeSetStatus,matching
sceImpose_driver,fun,B415FC59,sceImposeChanges,matching
sceImpose_driver,fun,BDBC42A6,sceImposeInit,matching
sceImpose_driver,fun,C7E36CC7,sceImposeEnd,matching
sceImpose_driver,fun,381BD9E7,sceImposeHomeButton,matching
sceImpose_driver,fun,68676C0A,sceImpose_driver_68676C0A,
sceImpose_driver,fun,0F341BE4,sceImposeGetHomePopup,matching
sceImpose_driver,fun,24FD7BCF,sceImposeGetLanguageMode,matching
sceImpose_driver,fun,36AA6E91,sceImposeSetLanguageMode,matching
sceImpose_driver,fun,5595A71A,sceImposeSetHomePopup,matching
sceImpose_driver,fun,72189C48,sceImposeSetUMDPopup,matching
sceImpose_driver,fun,8C943191,sceImposeGetBatteryIconStatus,matching
sceImpose_driver,fun,E0887BC8,sceImposeGetUMDPopup,matching
sceImpose_driver,fun,7084E72C,sceImposeGetSpecialButtonMode,matching
sceImpose_driver,fun,9DBCE0C4,sceImposeSetSpecialButtonMode,matching
sceImpose_driver,fun,8F6E3518,sceImposeGetBacklightOffTime,matching
sceImpose_driver,fun,967F6D4A,sceImposeSetBacklightOffTime,matching
sceImpose_driver,fun,116CFF64,sceImposeCheckVideoOut,matching
sceImpose_driver,fun,116DDED6,sceImposeSetVideoOutMode,matching
syslib,fun,D632ACDB,module_start,matching
syslib,fun,2F064FA6,module_reboot_before,matching
syslib,fun,ADF12745,module_reboot_phase,matching
syslib,var,F01D73A7,module_info,matching
syslib,var,11B97506,module_sdk_version,matching
