sceAac,fun,02098C69,sceAacGetInfoToAddStreamData,matching
sceAac,fun,23D35CAE,sceAacTermResource,matching
sceAac,fun,33B8C009,sceAacExit,matching
sceAac,fun,506BF66C,sceAacGetSumDecodedSample,matching
sceAac,fun,523347D9,sceAacGetLoopNum,matching
sceAac,fun,5CFFC57C,sceAacInitResource,matching
sceAac,fun,61AA43C9,sceAacEndEntry,matching
sceAac,fun,6C05813B,sceAacStartEntry,matching
sceAac,fun,6DC7758A,sceAacGetMaxOutputSample,matching
sceAac,fun,7E4CFEE4,sceAacDecode,matching
sceAac,fun,AC6DCBE3,sceAacNotifyAddStreamData,matching
sceAac,fun,BBDD6403,sceAacSetLoopNum,matching
sceAac,fun,D2DA2BBA,sceAacResetPlayPosition,matching
sceAac,fun,D7C51541,sceAacCheckStreamDataNeeded,matching
sceAac,fun,E0C89ACA,sceAacInit,matching
sceAac,fun,E955E83A,sceAacLowLevelInit,matching
sceAac,fun,FA01FCB6,sceAacLowLevelDecode,matching
syslib,fun,D632ACDB,module_start,matching
syslib,fun,CEE8593C,module_stop,matching
syslib,var,F01D73A7,module_info,matching
syslib,var,11B97506,module_sdk_version,matching
syslib,var,0F7C276C,module_start_thread_parameter,matching
syslib,var,CF0CC697,module_stop_thread_parameter,matching
