sceMeAudio_driver,fun,39F06790,sceMeAudio_driver_39F06790,
sceMeAudio_driver,fun,BAC7C2BE,sceMeAudio_driver_BAC7C2BE,
sceMeAudio_driver,fun,C00D873B,sceMeAudio_driver_C00D873B,
sceMeAudio_driver,fun,FEE0A97D,sceMeAudio_driver_FEE0A97D,
sceMeAudio_driver,fun,3D6CC0D9,sceMeAudio_driver_3D6CC0D9,
sceMeCore_driver,fun,04AFF68E,sceMeRpcLock,matching
sceMeCore_driver,fun,3D5F109C,sceMeCore_driver_3D5F109C,
sceMeCore_driver,fun,4794C05C,sceMeEnableFunctions,matching
sceMeCore_driver,fun,B97B15D7,sceMeRpcUnlock,matching
sceMeCore_driver,fun,D1EA3DFD,sceMeCore_driver_D1EA3DFD,
sceMeCore_driver,fun,47DB48C2,sceMeBootStart,matching
sceMeMemory_driver,fun,5AD660FA,sceMeFree,matching
sceMeMemory_driver,fun,A177798D,sceMeMalloc,matching
sceMeMemory_driver,fun,C86500E3,sceMeCalloc,matching
sceMePower_driver,fun,05B2C420,sceMePowerControlAvcPower,matching
sceMePower_driver,fun,55F11AF6,sceMePowerSetCpuClockGear,matching
sceMePower_driver,fun,579ACEA9,sceMePowerSelectAvcClock,matching
sceMePower_driver,fun,8EBBBBA3,sceMePowerSetBusClockGear,matching
sceMePower_driver,fun,B6FE3E62,sceMePowerControlDmacplusClock,matching
sceMeVideo_driver,fun,06F0236A,sceMeVideo_driver_06F0236A,
sceMeVideo_driver,fun,176BBE07,sceMeVideo_driver_176BBE07,
sceMeVideo_driver,fun,1C6A60E1,sceMeVideo_driver_1C6A60E1,
sceMeVideo_driver,fun,B655AD4E,sceMeVideo_driver_B655AD4E,
sceMeVideo_driver,fun,DE2E7E89,sceMeVideo_driver_DE2E7E89,
sceMeVideo_driver,fun,E67F4E0A,sceMeVideo_driver_E67F4E0A,
sceMeWrapper_driver,fun,04AFF68E,sceMeRpcLock,matching
sceMeWrapper_driver,fun,06F0236A,sceMeWrapper_driver_06F0236A,
sceMeWrapper_driver,fun,176BBE07,sceMeWrapper_driver_176BBE07,
sceMeWrapper_driver,fun,1C6A60E1,sceMeWrapper_driver_1C6A60E1,
sceMeWrapper_driver,fun,39F06790,sceMeWrapper_driver_39F06790,
sceMeWrapper_driver,fun,3D5F109C,sceMeWrapper_driver_3D5F109C,
sceMeWrapper_driver,fun,5AD660FA,sceMeFree,matching
sceMeWrapper_driver,fun,63463F66,sceMeWrapperInit,matching
sceMeWrapper_driver,fun,A177798D,sceMeMalloc,matching
sceMeWrapper_driver,fun,B655AD4E,sceMeWrapper_driver_B655AD4E,
sceMeWrapper_driver,fun,B97B15D7,sceMeRpcUnlock,matching
sceMeWrapper_driver,fun,BAC7C2BE,sceMeWrapper_driver_BAC7C2BE,
sceMeWrapper_driver,fun,C00D873B,sceMeWrapper_driver_C00D873B,
sceMeWrapper_driver,fun,C3A1D6B2,sceMeWrapperEnd,matching
sceMeWrapper_driver,fun,C86500E3,sceMeCalloc,matching
sceMeWrapper_driver,fun,D1EA3DFD,sceMeWrapper_driver_D1EA3DFD,
sceMeWrapper_driver,fun,DE2E7E89,sceMeWrapper_driver_DE2E7E89,
sceMeWrapper_driver,fun,E67F4E0A,sceMeWrapper_driver_E67F4E0A,
sceMeWrapper_driver,fun,FEE0A97D,sceMeWrapper_driver_FEE0A97D,
sceMeWrapper_driver,fun,05B2C420,sceMePowerControlAvcPower,matching
sceMeWrapper_driver,fun,4794C05C,sceMeEnableFunctions,matching
sceMeWrapper_driver,fun,55F11AF6,sceMePowerSetCpuClockGear,matching
sceMeWrapper_driver,fun,579ACEA9,sceMePowerSelectAvcClock,matching
sceMeWrapper_driver,fun,8EBBBBA3,sceMePowerSetBusClockGear,matching
sceMeWrapper_driver,fun,B6FE3E62,sceMePowerControlDmacplusClock,matching
syslib,fun,ADF12745,module_reboot_phase,matching
syslib,fun,D632ACDB,module_start,matching
syslib,fun,2F064FA6,module_reboot_before,matching
syslib,var,F01D73A7,module_info,matching
syslib,var,11B97506,module_sdk_version,matching
