sceMgVideo_driver,fun,02CD7137,sceMgVideoEnd,matching
sceMgVideo_driver,fun,04B36B8F,sceMgVideoInit,matching
sceMgVideo_driver,fun,10DA1B19,sceMgVideoClearMACList,matching
sceMgVideo_driver,fun,1B82B327,sceMgVideoUpdateICV,matching
sceMgVideo_driver,fun,2E94A4B6,sceMgVideoAuth,matching
sceMgVideo_driver,fun,37CD3829,sceMgVideoGetDefaultEKB,matching
sceMgVideo_driver,fun,57ADD7DA,sceMgVideoEndTrack,matching
sceMgVideo_driver,fun,585F5755,sceMgVideoModuleEnd,matching
sceMgVideo_driver,fun,5CFE1758,sceMgVideoModuleInit,matching
sceMgVideo_driver,fun,6297802E,sceMgVideoInitMovie,matching
sceMgVideo_driver,fun,63577C7E,sceMgVideoDecryptSample,matching
sceMgVideo_driver,fun,6F13A2F9,sceMgVideoEndMovie,matching
sceMgVideo_driver,fun,76F716B2,sceMgVideoCheckICV,matching
sceMgVideo_driver,fun,A4AC9163,sceMgVideoFormatICV,matching
sceMgVideo_driver,fun,A5F216CC,sceMgVideoInitTrack,matching
sceMgVideo_driver,fun,F27A69C2,sceMgVideoGetLicenseInfo,matching
sceMgVideo_driver,fun,F3E7EE9B,sceMgVideoNetBindLicense,matching
sceMgVideo_driver,fun,F7F9279A,sceMgVideo_driver_F7F9279A,
sceMgVideo_driver,fun,F80FED94,sceMgVideo_driver_F80FED94,
sceMgVideo_driver,fun,1A30EF4B,sceMgVideoFormatGroupID,matching
sceMgVideo_driver,fun,26AA0AF7,sceMgVideoCheckGroupID,matching
sceMgVideo_driver,fun,2C3149A3,sceMgVideo_driver_2C3149A3,
sceMgVideo_driver,fun,46AF872B,sceMgVideo_driver_46AF872B,
sceMgVideo_driver,fun,F56A60EC,sceMgVideo_driver_F56A60EC,
sceMgVideo_driver,fun,34638F25,sceMgVideo_driver_34638F25,
sceMgVideo_driver,fun,3CD523BD,sceMgVideo_driver_3CD523BD,
sceMgVideo_driver,fun,7750EE54,sceMgVideo_driver_7750EE54,
sceMgVideo_driver,fun,7E05C27F,sceMgVideo_driver_7E05C27F,
syslib,fun,CEE8593C,module_stop,matching
syslib,var,F01D73A7,module_info,matching
syslib,var,11B97506,module_sdk_version,matching
