sceMScm_driver,fun,0128147B,sceMScmWriteMSReg,matching
sceMScm_driver,fun,08A1EC6B,sceMScmUnRegisterCLD,matching
sceMScm_driver,fun,0A054CDA,sceMScmHCLastStatus,matching
sceMScm_driver,fun,0D8D6A54,sceMScmQueryMSCMStatus,matching
sceMScm_driver,fun,12BD8FEC,sceMScmRegisterCLD,matching
sceMScm_driver,fun,18DD6E90,sceMScmWaitAndEndDMA,matching
sceMScm_driver,fun,21183216,sceMScmWriteDataPIO,matching
sceMScm_driver,fun,2AD0A649,sceMScmGetSlotState,matching
sceMScm_driver,fun,2D7C40FA,sceMScmWaitHCIntr,matching
sceMScm_driver,fun,34124B97,sceMScmTPCGetIntHelper,matching
sceMScm_driver,fun,36921225,sceMScmTPCReadShortData,matching
sceMScm_driver,fun,3FFE76E5,sceMScmTPCSetCmdHelper,matching
sceMScm_driver,fun,42A40895,sceMScmReadMSReg,matching
sceMScm_driver,fun,4451D813,sceMScmDetachCLD,matching
sceMScm_driver,fun,46AAC4E5,sceMScmSendTPCDMA,matching
sceMScm_driver,fun,494FB570,sceMScmTPCExSetCmdHelper,matching
sceMScm_driver,fun,4E4C3099,sceMScmIconStartUcode,matching
sceMScm_driver,fun,4E923738,sceMScmStartModule,matching
sceMScm_driver,fun,4FA42259,sceMScmTPCExSetCmd,matching
sceMScm_driver,fun,54B3A3F1,sceMScmGetCLDM,matching
sceMScm_driver,fun,5AB92658,sceMScmGetRegisteredCLDMCount,matching
sceMScm_driver,fun,5BAAB238,sceMScmRegisterCLDM,matching
sceMScm_driver,fun,68C14F25,sceMScmStopModule,matching
sceMScm_driver,fun,6C8AEF0B,sceMScmWriteMSRegHelper,matching
sceMScm_driver,fun,6F4F7E4C,sceMScmIconStopUcode,matching
sceMScm_driver,fun,7B5396BA,sceMScmSetPullDownReg,matching
sceMScm_driver,fun,907D7766,sceMScmSendTPC,matching
sceMScm_driver,fun,97290A44,sceMScmStartWriteDataDMA,matching
sceMScm_driver,fun,9A5CB5CC,sceMScmUnRegisterCLDM,matching
sceMScm_driver,fun,AA67D87A,sceMScmResetHC,matching
sceMScm_driver,fun,B01C378C,sceMScmClearALEvents,matching
sceMScm_driver,fun,B1D1C718,sceMScmSetHCTransferMode,matching
sceMScm_driver,fun,BE455B5D,sceMScmReadDataPIO,matching
sceMScm_driver,fun,C003705D,sceMScmIconLoadUcode,matching
sceMScm_driver,fun,CBB2BF6F,sceMScmReadMSRegHelper,matching
sceMScm_driver,fun,CFD8F662,sceMScmIconResetIcon,matching
sceMScm_driver,fun,D6DB3199,sceMScm_driver_D6DB3199,
sceMScm_driver,fun,DE188BB6,sceMScmStartReadDataDMA,matching
sceMScm_driver,fun,E24B5D0C,sceMScmHCSetBusyCount,matching
sceMScm_driver,fun,EF42A4A3,sceMScmTPCWriteShortData,matching
sceMScm_driver,fun,F0CC24D1,sceMScmSetPullDownRegByDesc,matching
sceMScm_driver,fun,F1133DAF,sceMScmTPCSetRWRegAdrs,matching
sceMScm_driver,fun,F1924A06,sceMScmSetSlotPower,matching
sceMScm_driver,fun,F82AF926,sceMScmTPCSetCmd,matching
sceMScm_driver,fun,FCD92C74,sceMScmGetSlotPower,matching
sceMScm_driver,fun,FF6C50D8,sceMScmTPCGetInt,matching
syslib,fun,D632ACDB,module_start,matching
syslib,fun,CEE8593C,module_stop,matching
syslib,fun,2F064FA6,module_reboot_before,matching
syslib,var,F01D73A7,module_info,matching
syslib,var,11B97506,module_sdk_version,matching
