sceNetAdhocAuth_driver,fun,1F9A90B8,_sce_pspnet_adhoc_prp_get_addr_by_name,matching
sceNetAdhocAuth_driver,fun,2AD8C677,sceNetAdhocAuth_driver_2AD8C677,
sceNetAdhocAuth_driver,fun,2E6AA271,_sce_pspnet_adhoc_prp_stop,matching
sceNetAdhocAuth_driver,fun,6074D8F1,sceNetAdhocAuthTerm,matching
sceNetAdhocAuth_driver,fun,6CE209A3,sceNetAdhocAuth_driver_6CE209A3,
sceNetAdhocAuth_driver,fun,76F26AB0,_sce_pspnet_adhoc_prp_get_name_by_addr,matching
sceNetAdhocAuth_driver,fun,86004235,sceNetAdhocAuthInit,matching
sceNetAdhocAuth_driver,fun,89F2A732,_sce_pspnet_adhoc_prp_start,matching
sceNetAdhocAuth_driver,fun,BD144DA6,_sce_pspnet_adhoc_prp_get_peer_list,matching
sceNetAdhocAuth_driver,fun,015A8A64,sceNetAdhocAuth_driver_015A8A64,
sceNetAdhocAuth_driver,fun,312BD812,sceNetAdhocAuth_driver_312BD812,
sceNetAdhocAuth_driver,fun,72AAC6D3,sceNetAdhocAuth_driver_72AAC6D3,
sceNetAdhocAuth_driver,fun,AAB06250,sceNetAdhocAuth_driver_AAB06250,
sceNetAdhocAuth_driver,fun,CF4D9BED,sceNetAdhocAuth_driver_CF4D9BED,
sceNetAdhocAuth_lib,fun,1F9A90B8,_sce_pspnet_adhoc_prp_get_addr_by_name,matching
sceNetAdhocAuth_lib,fun,2AD8C677,sceNetAdhocAuth_lib_2AD8C677,
sceNetAdhocAuth_lib,fun,2E6AA271,_sce_pspnet_adhoc_prp_stop,matching
sceNetAdhocAuth_lib,fun,6074D8F1,sceNetAdhocAuthTerm,matching
sceNetAdhocAuth_lib,fun,6CE209A3,sceNetAdhocAuth_lib_6CE209A3,
sceNetAdhocAuth_lib,fun,76F26AB0,_sce_pspnet_adhoc_prp_get_name_by_addr,matching
sceNetAdhocAuth_lib,fun,86004235,sceNetAdhocAuthInit,matching
sceNetAdhocAuth_lib,fun,89F2A732,_sce_pspnet_adhoc_prp_start,matching
sceNetAdhocAuth_lib,fun,BD144DA6,_sce_pspnet_adhoc_prp_get_peer_list,matching
sceNetAdhocAuth_lib,fun,015A8A64,sceNetAdhocAuth_lib_015A8A64,
sceNetAdhocAuth_lib,fun,312BD812,sceNetAdhocAuth_lib_312BD812,
sceNetAdhocAuth_lib,fun,72AAC6D3,sceNetAdhocAuth_lib_72AAC6D3,
sceNetAdhocAuth_lib,fun,AAB06250,sceNetAdhocAuth_lib_AAB06250,
sceNetAdhocAuth_lib,fun,CF4D9BED,sceNetAdhocAuth_lib_CF4D9BED,
syslib,fun,2F064FA6,module_reboot_before,matching
syslib,fun,D632ACDB,module_start,matching
syslib,fun,CEE8593C,module_stop,matching
syslib,var,F01D73A7,module_info,matching
syslib,var,11B97506,module_sdk_version,matching
