sceNetApctl,fun,04776994,sceNetApctlGetBSSDescEntryUser,matching
sceNetApctl,fun,24FE91A1,sceNetApctlDisconnect,matching
sceNetApctl,fun,2935C45B,sceNetApctlGetBSSDescEntry2,matching
sceNetApctl,fun,2BEFDF23,sceNetApctlGetInfo,matching
sceNetApctl,fun,5963991B,sceNetApctlDelHandler,matching
sceNetApctl,fun,5DEAC81B,sceNetApctlGetState,matching
sceNetApctl,fun,6BDDCB8C,sceNetApctlGetBSSDescIDListUser,matching
sceNetApctl,fun,6F5D2981,sceNetApctlDelInternal03Handler,matching
sceNetApctl,fun,8ABADD51,sceNetApctlAddHandler,matching
sceNetApctl,fun,A3E77E13,sceNetApctlScanSSID2,matching
sceNetApctl,fun,A7BB73DF,sceNetApctlAddInternal03Handler,matching
sceNetApctl,fun,B3EDD0EC,sceNetApctlTerm,matching
sceNetApctl,fun,CFB957C6,sceNetApctlConnect,matching
sceNetApctl,fun,E2F91F9B,sceNetApctlInit,matching
sceNetApctl,fun,E9B2E5E6,sceNetApctlScanUser,matching
sceNetApctl,fun,F25A5006,sceNetApctlGetBSSDescIDList2,matching
sceNetApctl_internal_user,fun,04776994,sceNetApctlGetBSSDescEntryUser,matching
sceNetApctl_internal_user,fun,6BDDCB8C,sceNetApctlGetBSSDescIDListUser,matching
sceNetApctl_internal_user,fun,E9B2E5E6,sceNetApctlScanUser,matching
sceNetApctl_lib,fun,0C7FFA5C,sceNetApctlGetBSSDescIDList,matching
sceNetApctl_lib,fun,7CFAB990,sceNetApctlAddInternalHandler,matching
sceNetApctl_lib,fun,96BEB231,sceNetApctlGetBSSDescEntry,matching
sceNetApctl_lib,fun,A9721D11,sceNetApctlScanSSID,matching
sceNetApctl_lib,fun,B3CF6849,sceNetApctlScan,matching
sceNetApctl_lib,fun,C519EDCD,sceNetApctl_lib_C519EDCD,
sceNetApctl_lib,fun,E11BAFAB,sceNetApctlDelInternalHandler,matching
sceNetApctl_lib2,fun,3895B348,sceNetApctl_lib2_3895B348,
sceNetApctl_lib2,fun,4C19731F,sceNetApctl_lib2_4C19731F,
sceNetApctl_lib2,fun,69745F0A,sceNetApctl_lib2_69745F0A,
sceNetApctl_lib2,fun,6D802E3F,sceNetApctl_lib2_6D802E3F,
sceNetApctl_lib2,fun,9D352B37,sceNetApctl_lib2_9D352B37,
sceNetApctl_lib2,fun,C20A144C,sceNetApctl_lib2_C20A144C,
