sceNetAdhocctl,fun,08FFF7A0,sceNetAdhocctlScan,matching
sceNetAdhocctl,fun,0AD043ED,sceNetAdhocctlConnect,matching
sceNetAdhocctl,fun,1FF89745,sceNetAdhocctlJoinEnterGameMode,matching
sceNetAdhocctl,fun,20B317A0,sceNetAdhocctlAddHandler,matching
sceNetAdhocctl,fun,34401D65,sceNetAdhocctlDisconnect,matching
sceNetAdhocctl,fun,362CBE8F,sceNetAdhocctlGetAdhocId,matching
sceNetAdhocctl,fun,5A014CE0,sceNetAdhocctlGetGameModeInfo,matching
sceNetAdhocctl,fun,5E7F79C9,sceNetAdhocctlJoin,matching
sceNetAdhocctl,fun,6402490B,sceNetAdhocctlDelHandler,matching
sceNetAdhocctl,fun,75ECD386,sceNetAdhocctlGetState,matching
sceNetAdhocctl,fun,81AEE1BE,sceNetAdhocctlGetScanInfo,matching
sceNetAdhocctl,fun,8916C003,sceNetAdhocctlGetNameByAddr,matching
sceNetAdhocctl,fun,99560ABE,sceNetAdhocctlGetAddrByName,matching
sceNetAdhocctl,fun,9D689E13,sceNetAdhocctlTerm,matching
sceNetAdhocctl,fun,A5C055CE,sceNetAdhocctlCreateEnterGameMode,matching
sceNetAdhocctl,fun,CF8E084D,sceNetAdhocctlExitGameMode,matching
sceNetAdhocctl,fun,DED9D28E,sceNetAdhocctlGetParameter,matching
sceNetAdhocctl,fun,E162CB14,sceNetAdhocctlGetPeerList,matching
sceNetAdhocctl,fun,E26F226E,sceNetAdhocctlInit,matching
sceNetAdhocctl,fun,EC0635C1,sceNetAdhocctlCreate,matching
sceNetAdhocctl,fun,8DB83FDC,sceNetAdhocctlGetPeerInfo,matching
sceNetAdhocctl,fun,B0B80E80,sceNetAdhocctlCreateEnterGameModeMin,matching
sceNetAdhocctl_lib,fun,1593C05D,sceNetThreadExitDeleteEventFlag,matching
sceNetAdhocctl_lib,fun,EFA6AEAF,sceNetAdhocctl_lib_EFA6AEAF,
sceNetAdhocctl_lib,fun,1C679240,LinkDiscoverSkip,matching
sceNetAdhocctl_lib,fun,F8BABD85,sceNetAdhocctlAddInternalHandler,matching
sceNetAdhocctl_lib,fun,CDEA7ACB,sceNetAdhocctl_lib_CDEA7ACB,
sceNetAdhocctl_lib,fun,1572422C,sceNetAdhocctlRequestSuspend,matching
sceNetAdhocctl_lib,fun,1A2B6D03,sceNetAdhocctl_lib_1A2B6D03,
sceNetAdhocctl_lib,fun,F6057CC4,sceNetAdhocctlHostDiscoverStart,matching
syslib,fun,D632ACDB,module_start,matching
syslib,fun,CEE8593C,module_stop,matching
syslib,var,F01D73A7,module_info,matching
syslib,var,11B97506,module_sdk_version,matching
