sceNetAdhoc,fun,0B2228E9,sceNetAdhocGameModeDeleteReplica,matching
sceNetAdhoc,fun,157E6225,sceNetAdhocPtpClose,matching
sceNetAdhoc,fun,3278AB0C,sceNetAdhocGameModeCreateReplica,matching
sceNetAdhoc,fun,4D2CE199,sceNetAdhocGetSocketAlert,matching
sceNetAdhoc,fun,4DA4C788,sceNetAdhocPtpSend,matching
sceNetAdhoc,fun,6F92741B,sceNetAdhocPdpCreate,matching
sceNetAdhoc,fun,73BFD52D,sceNetAdhocSetSocketAlert,matching
sceNetAdhoc,fun,7A662D6B,sceNetAdhocPollSocket,matching
sceNetAdhoc,fun,7F27BB5E,sceNetAdhocPdpDelete,matching
sceNetAdhoc,fun,7F75C338,sceNetAdhocGameModeCreateMaster,matching
sceNetAdhoc,fun,877F6D66,sceNetAdhocPtpOpen,matching
sceNetAdhoc,fun,8BEA2B3E,sceNetAdhocPtpRecv,matching
sceNetAdhoc,fun,98C204C8,sceNetAdhocGameModeUpdateMaster,matching
sceNetAdhoc,fun,9AC2EEAC,sceNetAdhocPtpFlush,matching
sceNetAdhoc,fun,9DF81198,sceNetAdhocPtpAccept,matching
sceNetAdhoc,fun,A0229362,sceNetAdhocGameModeDeleteMaster,matching
sceNetAdhoc,fun,A62C6F57,sceNetAdhocTerm,matching
sceNetAdhoc,fun,ABED3790,sceNetAdhocPdpSend,matching
sceNetAdhoc,fun,B9685118,sceNetAdhocGetPtpStat,matching
sceNetAdhoc,fun,C7C1FC57,sceNetAdhocGetPdpStat,matching
sceNetAdhoc,fun,DFE53E03,sceNetAdhocPdpRecv,matching
sceNetAdhoc,fun,E08BDAC1,sceNetAdhocPtpListen,matching
sceNetAdhoc,fun,E1D621D7,sceNetAdhocInit,matching
sceNetAdhoc,fun,FA324B4E,sceNetAdhocGameModeUpdateReplica,matching
sceNetAdhoc,fun,FC6FC07B,sceNetAdhocPtpConnect,matching
sceNetAdhoc,fun,67346A2A,sceNetAdhocPdpRecvWithRfInfo,matching
sceNetAdhoc_lib,fun,2CA12790,sceNetAdhoc_lib_2CA12790,
sceNetAdhoc_lib,fun,62B875A8,sceNetAdhoc_lib_62B875A8,
sceNetAdhoc_lib,fun,67346A2A,sceNetAdhocPdpRecvWithRfInfo,matching
sceNetAdhoc_lib,fun,AF6DFB15,sceNetAdhocGameModeUpdateReplicaInternal,matching
sceNetAdhoc_lib,fun,1059683E,sceNetAdhoc_lib_1059683E,
sceNetAdhoc_lib,fun,F9240FBA,sceNetAdhoc_lib_F9240FBA,
syslib,fun,D632ACDB,module_start,matching
syslib,fun,CEE8593C,module_stop,matching
syslib,var,F01D73A7,module_info,matching
syslib,var,11B97506,module_sdk_version,matching
