sceUmdMan_driver,fun,08EB09C8,sceUmdManSPKDisableIntr,matching
sceUmdMan_driver,fun,0BDD5754,sceUmdMan_driver_0BDD5754,
sceUmdMan_driver,fun,0D3EA203,sceUmdManTerm,matching
sceUmdMan_driver,fun,108B2322,sceUmdExecGetMediaInfoCmd,matching
sceUmdMan_driver,fun,14AAB3FC,sceUmdManSyncState,matching
sceUmdMan_driver,fun,14D3381C,sceUmdExecTestCmd,matching
sceUmdMan_driver,fun,18DE1880,sceUmdExecPrefetch10Cmd,matching
sceUmdMan_driver,fun,1B19A313,sceUmdExecInquiryCmd,matching
sceUmdMan_driver,fun,1B1BF9FD,sceUmdExecRead10Cmd,matching
sceUmdMan_driver,fun,1CB85F05,sceUmdMan_driver_1CB85F05,
sceUmdMan_driver,fun,1FBF6078,sceUmdManGetPower,matching
sceUmdMan_driver,fun,208089C2,sceUmdManPowerOnOff,matching
sceUmdMan_driver,fun,23C3C3D6,sceUmdManSPKEndCmd,matching
sceUmdMan_driver,fun,250E6975,sceUmdExecSeekCmd,matching
sceUmdMan_driver,fun,2A08FE9A,sceUmdExecPreventAllowMediaCmd,matching
sceUmdMan_driver,fun,2A39569B,sceUmdExecModSenseCmd,matching
sceUmdMan_driver,fun,2CBE959B,sceUmdExecReqSenseCmd,matching
sceUmdMan_driver,fun,39704B6E,sceUmdManSetEnableReadAhead,matching
sceUmdMan_driver,fun,3D44BABF,sceUmdExecReadUMDStructureCmd,matching
sceUmdMan_driver,fun,40BEB9D1,sceUmdManDVDDriveStart,matching
sceUmdMan_driver,fun,43255AD6,sceUmdMan_driver_43255AD6,
sceUmdMan_driver,fun,4581E306,sceUmdManGetPowerStat,matching
sceUmdMan_driver,fun,47E2B6D8,sceUmdManGetUmdDrive,matching
sceUmdMan_driver,fun,485D4925,sceUmdExecSetStreamingCmd,matching
sceUmdMan_driver,fun,4C6BF421,sceUmdManSPKStartStep3,matching
sceUmdMan_driver,fun,4EA8EA5D,sceUmdManSPKInitConfiguration,matching
sceUmdMan_driver,fun,5304CA4A,sceUmdManStartCommandTimer,matching
sceUmdMan_driver,fun,58E3718D,sceUmdManSPKEnableIntr,matching
sceUmdMan_driver,fun,5A302102,sceUmdManUMDDrivePreStart,matching
sceUmdMan_driver,fun,5AA96415,sceUmdExecReadCapacityCmd,matching
sceUmdMan_driver,fun,5C026599,sceUmdManLPNReadAlive,matching
sceUmdMan_driver,fun,61C32A52,sceUmdExecSetAreaLimitCmd,matching
sceUmdMan_driver,fun,61EB07A5,sceUmdExecGetErrorLogCmd,matching
sceUmdMan_driver,fun,63ACFD28,sceUmdManSetDisableReadAhead,matching
sceUmdMan_driver,fun,65E1B97E,sceUmdExecGetEventStatusCmd,matching
sceUmdMan_driver,fun,66CB0CC4,sceUmdManSPKStartStep5,matching
sceUmdMan_driver,fun,66F94A52,sceUmdMan_driver_66F94A52,
sceUmdMan_driver,fun,68577709,sceUmdExecAllocateFromReadCmd,matching
sceUmdMan_driver,fun,6A77A311,sceUmdManLPNCreateCmd,matching
sceUmdMan_driver,fun,6CB4A8D6,sceUmdManStopCommandTimer,matching
sceUmdMan_driver,fun,6E7FC8F0,sceUmdManSPKStartStep4,matching
sceUmdMan_driver,fun,7094E3A7,sceUmdExecSetAccessLimitCmd,matching
sceUmdMan_driver,fun,736AE133,sceUmdManLPNNegateWakeup,matching
sceUmdMan_driver,fun,73966DE9,sceUmdManSPKStartCmd,matching
sceUmdMan_driver,fun,73E49F8F,sceUmdExecClearCacheInfoCmd,matching
sceUmdMan_driver,fun,7C3D307C,sceUmdManSPKGetMKI,matching
sceUmdMan_driver,fun,7DF2A18D,sceUmdManSetAlarm,matching
sceUmdMan_driver,fun,7E2A680C,sceUmdMan_driver_7E2A680C,
sceUmdMan_driver,fun,7EBAEA9F,sceUmdManSPKStartStep0,matching
sceUmdMan_driver,fun,7ED141FE,sceUmdManUMDDriveStart,matching
sceUmdMan_driver,fun,815AA6D3,sceUmdMan_driver_815AA6D3,
sceUmdMan_driver,fun,84410A8E,sceUmdManSetReadAheadSize,matching
sceUmdMan_driver,fun,8609D1E4,sceUmdManGetDiscInfo,matching
sceUmdMan_driver,fun,8634FFC7,sceUmdManSetUnCachedRead,matching
sceUmdMan_driver,fun,8CFED611,sceUmdManStart,matching
sceUmdMan_driver,fun,92F1CC33,sceUmdExecAdjustDataCmd,matching
sceUmdMan_driver,fun,93539196,sceUmdManGetPowerOnOffStat,matching
sceUmdMan_driver,fun,96527E8A,sceUmdMan_driver_96527E8A,
sceUmdMan_driver,fun,98345381,sceUmdExecReportCacheCmd,matching
sceUmdMan_driver,fun,A0B257A7,sceUmdManSPKStartStep2,matching
sceUmdMan_driver,fun,A49E52E8,sceUmdManGpioIntrStart,matching
sceUmdMan_driver,fun,A58946CA,sceUmdManSetCommandTimer,matching
sceUmdMan_driver,fun,A8359E04,sceUmdManSPKSetupCmd,matching
sceUmdMan_driver,fun,AAA4ED91,sceUmdManGetDiscInfo4VSH,matching
sceUmdMan_driver,fun,AF6D5838,sceUmdManGetDriveMode,matching
sceUmdMan_driver,fun,B0A6DC55,sceUmdManCancelAlarm,matching
sceUmdMan_driver,fun,B2368381,sceUmdManCheckDeviceReady,matching
sceUmdMan_driver,fun,B2DDE9F8,sceUmdManInsertEjectMedia,matching
sceUmdMan_driver,fun,B3311B6E,sceUmdManLPNGetVersion,matching
sceUmdMan_driver,fun,B4692D7F,sceUmdManUMDDrivePostStart,matching
sceUmdMan_driver,fun,B511F821,sceUmdManLPNAssertWakeup,matching
sceUmdMan_driver,fun,B5CFC459,sceUmdManReset,matching
sceUmdMan_driver,fun,B989E127,sceUmdManLeptonAliveOnOff,matching
sceUmdMan_driver,fun,BEA40117,sceUmdManDeleteStateManThread,matching
sceUmdMan_driver,fun,BF88476F,sceUmdExecSetCDSpeedCmd,matching
sceUmdMan_driver,fun,C1D7C860,sceUmdManGetXferStat,matching
sceUmdMan_driver,fun,C4A99D78,sceUmdManAbort,matching
sceUmdMan_driver,fun,C634697D,sceUmdMan_driver_C634697D,
sceUmdMan_driver,fun,C83EB3E2,sceUmdManGpioIntrStop,matching
sceUmdMan_driver,fun,C8D45A7B,sceUmdManSetPowerOnOffStat,matching
sceUmdMan_driver,fun,C984E1CF,sceUmdManSPKStartStep1,matching
sceUmdMan_driver,fun,CA68F200,sceUmdManChangePowerMode,matching
sceUmdMan_driver,fun,CAD31025,sceUmdManStop,matching
sceUmdMan_driver,fun,CD48F9C2,sceUmdManLPNSetVersion,matching
sceUmdMan_driver,fun,CEA5C857,sceUmdManSetCachedRead,matching
sceUmdMan_driver,fun,CEE55E3E,sceUmdExecModSelectCmd,matching
sceUmdMan_driver,fun,D1D4F296,sceUmdManGetCommandTimerFlag,matching
sceUmdMan_driver,fun,D27D050E,sceUmdManInit,matching
sceUmdMan_driver,fun,D31DAD7E,sceUmdExecSetLockLengthCmd,matching
sceUmdMan_driver,fun,DABDB450,sceUmdManGpioSetup,matching
sceUmdMan_driver,fun,DF407479,sceUmdManDriveStop,matching
sceUmdMan_driver,fun,E192C10A,sceUmdManGetUmdDiscInfo,matching
sceUmdMan_driver,fun,E2B0FB78,sceUmdManGetMediaFormat,matching
sceUmdMan_driver,fun,E3F448E0,sceUmdExecStartStopUnitCmd,matching
sceUmdMan_driver,fun,E5B7EDC5,sceUmdExecMechaStatCmd,matching
sceUmdMan_driver,fun,E779ECEF,sceUmdManGetInquiry,matching
sceUmdMan_driver,fun,ECA9476E,sceUmdManCreateStateManThread,matching
sceUmdMan_driver,fun,F4AFF62D,sceUmdMan_driver_F4AFF62D,
sceUmdMan_driver,fun,F6BE91FC,sceUmdMan_driver_F6BE91FC,
sceUmdMan_driver,fun,F7C603A2,sceUmdManSPKAuthentication,matching
sceUmdMan_driver,fun,F819E17C,sceUmdExecReadMKICmd,matching
sceUmdMan_driver,fun,FCFEF5FE,sceUmdManValidateUMD,matching
sceUmdMan_driver,fun,FD1A113A,sceUmdManSPKStopCmd,matching
sceUmdMan_driver,fun,10089E13,sceUmdMan_driver_10089E13,
sceUmdMan_driver,fun,3A437AD7,sceUmdManRetryAdjust,matching
sceUmdMan_driver,fun,43AA300A,sceUmdMan_driver_43AA300A,
sceUmdMan_driver,fun,51A9AC49,sceUmdMan_driver_51A9AC49,
sceUmdMan_driver,fun,77E6C03A,sceUmdMan_driver_77E6C03A,
sceUmdMan_driver,fun,94A857C1,sceUmdMan_driver_94A857C1,
sceUmdMan_driver,fun,A869CAB3,sceUmdMan_driver_A869CAB3,
sceUmdMan_driver,fun,0DC8D26D,sceUmdManWaitSema,matching
sceUmdMan_driver,fun,1F9AFFF4,sceUmdManMediaPresent,matching
sceUmdMan_driver,fun,2787078E,sceUmdManUnRegisterImposeCallBack,matching
sceUmdMan_driver,fun,2C756C37,sceUmdManGetErrorStatus,matching
sceUmdMan_driver,fun,3DCFAA71,sceUmdManTaskIsInQueue,matching
sceUmdMan_driver,fun,4217E7F5,sceUmdManUnRegisterInsertEjectUMDCallBack,matching
sceUmdMan_driver,fun,42D28DD1,sceUmdManGetReadyFlag,matching
sceUmdMan_driver,fun,4FB913A3,sceUmdManGetIntrStateFlag,matching
sceUmdMan_driver,fun,9814DCF3,sceUmdManGetQueueingTask,matching
sceUmdMan_driver,fun,9F106F73,sceUmdManPollSema,matching
sceUmdMan_driver,fun,B0A43DA7,sceUmdManSignalSema,matching
sceUmdMan_driver,fun,BD13A488,sceUmdManGetProcessingTaskId,matching
sceUmdMan_driver,fun,BF8AED79,sceUmdManRegisterInsertEjectUMDCallBack,matching
sceUmdMan_driver,fun,CC80CFC6,sceUmdManActivate,matching
sceUmdMan_driver,fun,F65D819F,sceUmdManRegisterImposeCallBack,matching
sceUmdMan_driver,fun,0D14D540,sceUmdManGetBootFrom,matching
sceUmdMan_driver,fun,2E49311E,sceUmdManGetFmtVersion,matching
sceUmdMan_driver,fun,405B48A5,sceUmdManSPKCheckAuth,matching
sceUmdMan_driver,fun,552F671A,sceUmdManSPKRestart,matching
sceUmdMan_driver,fun,65D0DEC6,sceUmdMan_driver_65D0DEC6,
sceUmdMan_driver,fun,EFD566A8,sceUmdMan_driver_EFD566A8,
sceUmdMan_driver,fun,7F482409,sceUmdManLeptonReset,matching
sceUmdMan_driver,fun,08BD78C1,sceUmdManExecAtaCmd,matching
sceUmdMan_driver,fun,1DA9276A,sceUmdMan_driver_1DA9276A,
sceUmdMan_driver,fun,528503B3,sceUmdMan_driver_528503B3,
sceUmdMan_driver,fun,5FB669CE,sceUmdMan_driver_5FB669CE,
sceUmdMan_driver,fun,60933ECD,sceUmdManIsDvdDrive,matching
sceUmdMan_driver,fun,85AEA6C5,sceUmdMan_driver_85AEA6C5,
sceUmdMan_driver,fun,B69DFDB1,sceUmdManSoftReset,matching
sceUmdMan_driver,fun,C25D7212,sceUmdExecGetConfigurationCmd,matching
sceUmdMan_driver,fun,D7A2F4A2,sceUmdExecReadDiscInfoCmd,matching
sceUmdMan_driver,fun,EC3426D1,sceUmdManIsUmdDrive,matching
syslib,fun,D632ACDB,module_start,matching
syslib,fun,2F064FA6,module_reboot_before,matching
syslib,var,F01D73A7,module_info,matching
syslib,var,11B97506,module_sdk_version,matching
