sceUsbAcc,fun,0CD7D4AA,sceUsbAccGetInfo,matching
sceUsbAcc,fun,79A1C743,sceUsbAccGetAuthStat,matching
sceUsbAcc_driver,fun,0CD7D4AA,sceUsbAccGetInfo,matching
sceUsbAcc_driver,fun,79A1C743,sceUsbAccGetAuthStat,matching
sceUsbAcc_internal,fun,0CD7D4AA,sceUsbAccGetInfo,matching
sceUsbAcc_internal,fun,18B04C82,sceUsbAccUnregisterType,matching
sceUsbAcc_internal,fun,2A100C1F,sceUsbAccIntrInReq,matching
sceUsbAcc_internal,fun,2E251404,sceUsbAccRegisterType,matching
sceUsbAcc_internal,fun,79A1C743,sceUsbAccGetAuthStat,matching
syslib,fun,D632ACDB,module_start,matching
syslib,fun,CEE8593C,module_stop,matching
syslib,var,F01D73A7,module_info,matching
syslib,var,11B97506,module_sdk_version,matching
