sceUtility,fun,2995D020,sceUtilitySavedataErrInitStart,matching
sceUtility,fun,2AD8E239,sceUtilityMsgDialogInitStart,matching
sceUtility,fun,34B78343,sceUtilityGetSystemParamString,matching
sceUtility,fun,3DFAEBA9,sceUtilityOskShutdownStart,matching
sceUtility,fun,41E30674,sceUtilitySetSystemParamString,matching
sceUtility,fun,434D4B3A,sceUtilityGetNetParam,matching
sceUtility,fun,45C18506,sceUtilitySetSystemParamInt,matching
sceUtility,fun,4B85C861,sceUtilityOskUpdate,matching
sceUtility,fun,4DB1E739,sceUtilityNetconfInitStart,matching
sceUtility,fun,50C4CD57,sceUtilitySavedataInitStart,matching
sceUtility,fun,5EEE6548,sceUtilityCheckNetParam,matching
sceUtility,fun,6332AA39,sceUtilityNetconfGetStatus,matching
sceUtility,fun,67AF3428,sceUtilityMsgDialogShutdownStart,matching
sceUtility,fun,7853182D,sceUtilityGameSharingUpdate,matching
sceUtility,fun,8874DBE0,sceUtilitySavedataGetStatus,matching
sceUtility,fun,88BC7406,sceUtilitySavedataErrGetStatus,matching
sceUtility,fun,91E70E35,sceUtilityNetconfUpdate,matching
sceUtility,fun,946963F3,sceUtilityGameSharingGetStatus,matching
sceUtility,fun,95FC253B,sceUtilityMsgDialogUpdate,matching
sceUtility,fun,9790B33C,sceUtilitySavedataShutdownStart,matching
sceUtility,fun,9A1C91D7,sceUtilityMsgDialogGetStatus,matching
sceUtility,fun,A5DA2406,sceUtilityGetSystemParamInt,matching
sceUtility,fun,B62A4061,sceUtilitySavedataErrShutdownStart,matching
sceUtility,fun,C492F751,sceUtilityGameSharingInitStart,matching
sceUtility,fun,D4B95FFB,sceUtilitySavedataUpdate,matching
sceUtility,fun,ED0FAD38,sceUtilitySavedataErrUpdate,matching
sceUtility,fun,EFC6F80F,sceUtilityGameSharingShutdownStart,matching
sceUtility,fun,F3F76017,sceUtilityOskGetStatus,matching
sceUtility,fun,F6269B82,sceUtilityOskInitStart,matching
sceUtility,fun,F88155F6,sceUtilityNetconfShutdownStart,matching
sceUtility,fun,3AD50AE7,sceNetplayDialogInitStart,matching
sceUtility,fun,417BED54,sceNetplayDialogUpdate,matching
sceUtility,fun,B6CEE597,sceNetplayDialogGetStatus,matching
sceUtility,fun,BC6B6296,sceNetplayDialogShutdownStart,matching
sceUtility,fun,05AFB9E4,sceUtilityHtmlViewerUpdate,matching
sceUtility,fun,0F3EEAAC,sceUtilityAuthDialogShutdownStart,matching
sceUtility,fun,147F7C85,sceUtilityAuthDialogUpdate,matching
sceUtility,fun,149A7895,sceUtilityDNASShutdownStart,matching
sceUtility,fun,1579A159,sceUtilityLoadNetModule,matching
sceUtility,fun,16A1A8D8,sceUtilityAuthDialogGetStatus,matching
sceUtility,fun,4A833BA4,sceUtilityDNASUpdate,matching
sceUtility,fun,4FED24D8,sceUtilityGetNetParamLatestID,matching
sceUtility,fun,64D50C56,sceUtilityUnloadNetModule,matching
sceUtility,fun,943CBA46,sceUtilityAuthDialogInitStart,matching
sceUtility,fun,A50E5B30,sceUtilityDNASGetStatus,matching
sceUtility,fun,BDA7D894,sceUtilityHtmlViewerGetStatus,matching
sceUtility,fun,CDC3AA41,sceUtilityHtmlViewerInitStart,matching
sceUtility,fun,DDE5389D,sceUtilityDNASInitStart,matching
sceUtility,fun,F5CE1134,sceUtilityHtmlViewerShutdownStart,matching
sceUtility,fun,4928BD96,sceUtilityMsgDialogAbort,matching
sceUtility,fun,0D5BC6D2,sceUtilityLoadUsbModule,matching
sceUtility,fun,1281DA8E,sceUtilityInstallInitStart,matching
sceUtility,fun,5EF1C24A,sceUtilityInstallShutdownStart,matching
sceUtility,fun,A03D29BA,sceUtilityInstallUpdate,matching
sceUtility,fun,C4700FA3,sceUtilityInstallGetStatus,matching
sceUtility,fun,C629AF26,sceUtilityLoadAvModule,matching
sceUtility,fun,F64910F0,sceUtilityUnloadUsbModule,matching
sceUtility,fun,F7D8D092,sceUtilityUnloadAvModule,matching
sceUtility,fun,2A2B3DE0,sceUtilityLoadModule,matching
sceUtility,fun,E49BFE92,sceUtilityUnloadModule,matching
sceUtility,fun,28D35634,sceUtility_28D35634,
sceUtility,fun,70267ADF,sceUtility_70267ADF,
sceUtility,fun,ECE1D3E5,sceUtility_ECE1D3E5,
sceUtility,fun,EF3582B2,sceUtility_EF3582B2,
sceUtility,fun,0251B134,sceUtilityScreenshotInitStart,matching
sceUtility,fun,16D02AF0,sceUtilityNpSigninInitStart,matching
sceUtility,fun,86ABDB1B,sceUtilityNpSigninGetStatus,matching
sceUtility,fun,AB083EA9,sceUtilityScreenshotUpdate,matching
sceUtility,fun,D81957B7,sceUtilityScreenshotGetStatus,matching
sceUtility,fun,E19C97D6,sceUtilityNpSigninShutdownStart,matching
sceUtility,fun,F3FBC572,sceUtilityNpSigninUpdate,matching
sceUtility,fun,F9E0008C,sceUtilityScreenshotShutdownStart,matching
sceUtility,fun,06A48659,sceUtilityRssSubscriberShutdownStart,matching
sceUtility,fun,2B96173B,sceUtilityRssSubscriberGetStatus,matching
sceUtility,fun,42071A83,sceUtilityPS3ScanInitStart,matching
sceUtility,fun,4B0A8FE5,sceUtilityRssSubscriberInitStart,matching
sceUtility,fun,89317C8F,sceUtilityPS3ScanGetStatus,matching
sceUtility,fun,A084E056,sceUtilityRssSubscriberUpdate,matching
sceUtility,fun,D17A0573,sceUtilityPS3ScanShutdownStart,matching
sceUtility,fun,D852CDCE,sceUtilityPS3ScanUpdate,matching
sceUtility,fun,6F56F9CF,sceUtilityRssReaderUpdate,matching
sceUtility,fun,81C44706,sceUtilityRssReaderInitStart,matching
sceUtility,fun,8326AB05,sceUtilityRssReaderGetStatus,matching
sceUtility,fun,B0FB7FF5,sceUtilityRssReaderContStart,matching
sceUtility,fun,E7B778D8,sceUtilityRssReaderShutdownStart,matching
sceUtility,fun,3AAD51DC,sceUtilityStoreCheckoutGetStatus,matching
sceUtility,fun,54A5C62F,sceUtilityStoreCheckoutShutdownStart,matching
sceUtility,fun,86A03A27,sceUtilityScreenshotContStart,matching
sceUtility,fun,B8592D5F,sceUtilityStoreCheckoutUpdate,matching
sceUtility,fun,DA97F1AA,sceUtilityStoreCheckoutInitStart,matching
sceUtility,fun,0940A1B9,sceUtilityPsnUpdate,matching
sceUtility,fun,094198B8,sceUtilityPsnGetStatus,matching
sceUtility,fun,0E0C27AF,sceUtilityAutoConnectAbort,matching
sceUtility,fun,180F7B62,sceUtilityGamedataInstallAbort,matching
sceUtility,fun,24AC31EB,sceUtilityGamedataInstallInitStart,matching
sceUtility,fun,32E32DCB,sceUtilityGamedataInstallShutdownStart,matching
sceUtility,fun,3A15CD0A,sceUtilityAutoConnectInitStart,matching
sceUtility,fun,4AECD179,sceUtilityGamedataInstallUpdate,matching
sceUtility,fun,9F313D14,sceUtilityAutoConnectShutdownStart,matching
sceUtility,fun,A7BB7C67,sceUtilityPsnInitStart,matching
sceUtility,fun,B57E95D9,sceUtilityGamedataInstallGetStatus,matching
sceUtility,fun,C130D441,sceUtilityPsnShutdownStart,matching
sceUtility,fun,D23665F4,sceUtilityAutoConnectUpdate,matching
sceUtility,fun,D4C2BD73,sceUtilityAutoConnectGetStatus,matching
sceUtility_driver,fun,20C68C34,sceUtilityEnd,matching
sceUtility_driver,fun,F062AEA6,sceUtilityInit,matching
sceUtility_netparam_internal,fun,072DEBF2,sceUtilityCreateNetParam,matching
sceUtility_netparam_internal,fun,9CE50172,sceUtilityDeleteNetParam,matching
sceUtility_netparam_internal,fun,FB0C4840,sceUtilityCopyNetParam,matching
sceUtility_netparam_internal,fun,FC4516F3,sceUtilitySetNetParam,matching
sceUtility_netparam_internal,fun,8E8E3AA3,sceUtilitySetNetParamLatestID,matching
sceUtility_netparam_internal,fun,3FD8CCFB,sceUtilityGetNetParamInt,matching
sceUtility_netparam_internal,fun,63C3E40C,sceUtilitySetNetParamInt,matching
sceUtility_netparam_internal,fun,614AEDCA,sceUtility_netparam_internal_614AEDCA,
sceUtility_netparam_internal,fun,F676A29D,sceUtility_netparam_internal_F676A29D,
sceUtility_private,fun,19461966,sceUtility_private_19461966,
sceUtility_private,fun,4F2206BC,sceUtilityDialogGetParam,matching
sceUtility_private,fun,680C0EA8,sceUtilityDialogSetStatus,matching
sceUtility_private,fun,6F923BD3,sceUtilityDialogSetThreadId,matching
sceUtility_private,fun,71269BEF,sceUtility_private_71269BEF,
sceUtility_private,fun,A5168A5D,sceUtilityDialogLoadModule,matching
sceUtility_private,fun,B222E887,sceUtilityDialogGetType,matching
sceUtility_private,fun,B96C67EC,sceUtility_private_B96C67EC,
sceUtility_private,fun,E01FE32A,sceUtilityDialogGetSpeed,matching
sceUtility_private,fun,17CB4D96,sceUtility_private_17CB4D96,
sceUtility_private,fun,1DFA62EF,sceUtility_private_1DFA62EF,
sceUtility_private,fun,3CEAE1DF,sceUtilityDialogPowerLock,matching
sceUtility_private,fun,4405BA38,sceUtility_private_4405BA38,
sceUtility_private,fun,56BEDCA4,sceUtilityDialogPowerUnlock,matching
sceUtility_private,fun,5FF96ED3,sceUtility_private_5FF96ED3,
sceUtility_private,fun,9C9DD5BC,sceUtility_private_9C9DD5BC,
sceUtility_private,fun,EE7AC503,sceUtility_private_EE7AC503,
sceUtility_private,fun,EF5BC2D1,sceUtilityDialogGetStructVersion,matching
sceUtility_private,fun,00948E27,sceUtilityAppletLoadModule,matching
sceUtility_private,fun,2FBA0921,sceUtility_private_2FBA0921,
sceUtility_private,fun,2FE219D7,sceUtility_private_2FE219D7,
sceUtility_private,fun,463EA95E,sceUtilityAppletGetType,matching
sceUtility_private,fun,4ACD6532,sceUtilityAppletUnloadModule,matching
sceUtility_private,fun,4B677BA1,sceUtilityAppletGetStructVersion,matching
sceUtility_private,fun,75FF798C,sceUtilityAppletGetSpeed,matching
sceUtility_private,fun,7635200E,sceUtilityDialogGetGameInfo,matching
sceUtility_private,fun,88682129,sceUtility_private_88682129,
sceUtility_private,fun,976F7805,sceUtilityAppletRegisterPowerCallback,matching
sceUtility_private,fun,97F922A3,sceUtilityAppletSetStatus,matching
sceUtility_private,fun,9BAE7DCE,sceUtilityAppletSetThreadId,matching
sceUtility_private,fun,AB46A24F,sceUtilityAppletGetParam,matching
sceUtility_private,fun,B20562D4,sceUtility_private_B20562D4,
sceUtility_private,fun,CD3C8C18,sceUtility_private_CD3C8C18,
sceUtility_private,fun,DC17A878,sceUtility_private_DC17A878,
sceUtility_private,fun,E542E9D8,sceUtilityAppletUnregisterPowerCallback,matching
sceUtility_private,fun,06AE20E5,sceUtilityDialogCtrlGetSamplingMode,matching
sceUtility_private,fun,4ABA7FF9,sceUtility_private_4ABA7FF9,
sceUtility_private,fun,5BA71568,sceUtility_private_5BA71568,
sceUtility_private,fun,970F9C89,sceUtility_private_970F9C89,
sceUtility_private,fun,E921B59E,sceUtilityDialogCtrlSetSamplingMode,matching
sceUtility_private,fun,04B24901,sceUtilityDdHelperInitStart,matching
sceUtility_private,fun,1B698F54,sceUtilityDdHelperShutdownStart,matching
sceUtility_private,fun,8FCABAB9,sceUtilityDdHelperGetStatus,matching
sceUtility_private,fun,FD99AF0A,sceUtilityDdHelperUpdate,matching
syslib,fun,D632ACDB,module_start,matching
syslib,var,F01D73A7,module_info,matching
syslib,var,11B97506,module_sdk_version,matching
