sceVshLftvMw,fun,01CCE03C,sceVshLftvMw_01CCE03C,
sceVshLftvMw,fun,0DA3EB39,eventMgrCallbackDetach,matching
sceVshLftvMw,fun,0F42084B,sceVshLftvMw_0F42084B,
sceVshLftvMw,fun,11EDF16F,sceVshLftvMw_11EDF16F,
sceVshLftvMw,fun,1D3D9AE0,sceVshLftvMw_1D3D9AE0,
sceVshLftvMw,fun,1D700DE1,sceVshLftvMw_1D700DE1,
sceVshLftvMw,fun,1E1128CD,TvMgr_Input_Select,matching
sceVshLftvMw,fun,21257ACD,sceVshLftvMw_21257ACD,
sceVshLftvMw,fun,27F9052C,sscanf,matching
sceVshLftvMw,fun,2A7D1F76,sceVshLftvMw_2A7D1F76,
sceVshLftvMw,fun,2B27ADF6,sceVshLftvMw_2B27ADF6,
sceVshLftvMw,fun,304BB1BA,sceVshLftvMw_304BB1BA,
sceVshLftvMw,fun,314810C4,sceVshLftvMw_314810C4,
sceVshLftvMw,fun,323FA41B,sceVshLftvMw_323FA41B,
sceVshLftvMw,fun,38CC4A9B,sceVshLftvMw_38CC4A9B,
sceVshLftvMw,fun,3B433436,sysInfoWriteMAC,matching
sceVshLftvMw,fun,3F8C07A1,sceVshLftvMw_3F8C07A1,
sceVshLftvMw,fun,43E17BF6,sceVshLftvMw_43E17BF6,
sceVshLftvMw,fun,59456C6E,sceVshLftvMw_59456C6E,
sceVshLftvMw,fun,5C471047,sceVshLftvMw_5C471047,
sceVshLftvMw,fun,5D47C0F2,sceVshLftvMw_5D47C0F2,
sceVshLftvMw,fun,5DCBF455,EasyRegUtil_Base_getMode,matching
sceVshLftvMw,fun,651CA450,NetAVMgr_setbitrate,matching
sceVshLftvMw,fun,657DD3BE,sceVshLftvMw_657DD3BE,
sceVshLftvMw,fun,6651E279,sceVshLftvMw_6651E279,
sceVshLftvMw,fun,6CE85F4A,sceVshLftvMw_6CE85F4A,
sceVshLftvMw,fun,6FE56DA2,sceVshLftvMw_6FE56DA2,
sceVshLftvMw,fun,70B40FD8,sceVshLftvMw_70B40FD8,
sceVshLftvMw,fun,7535F226,eventMgrCallbackAttach,matching
sceVshLftvMw,fun,77C766AF,sceVshLftvMw_77C766AF,
sceVshLftvMw,fun,7C7EE31C,TvMgr_ChangeAudioBli,matching
sceVshLftvMw,fun,7CA858EC,sysInfoWriteUniqueId,matching
sceVshLftvMw,fun,8C8831B5,sceVshLftvMw_8C8831B5,
sceVshLftvMw,fun,8E11742C,sceVshLftvMw_8E11742C,
sceVshLftvMw,fun,8EA1D2D5,sceVshLftvMw_8EA1D2D5,
sceVshLftvMw,fun,8F731E0A,M_lfxRegisterRendererCallback,matching
sceVshLftvMw,fun,90C5573D,strnlen,matching
sceVshLftvMw,fun,9129CC96,sceVshLftvMw_9129CC96,
sceVshLftvMw,fun,948EDB31,uninit_private_stdio,matching
sceVshLftvMw,fun,95745BE1,sceVshLftvMw_95745BE1,
sceVshLftvMw,fun,9B6045FA,sceVshLftvMw_9B6045FA,
sceVshLftvMw,fun,A39AF99E,EasyRegUtil_discovery,matching
sceVshLftvMw,fun,AEAC8F33,sceVshLftvMw_AEAC8F33,
sceVshLftvMw,fun,B45A02C2,NetAVMgr_Cleanup,matching
sceVshLftvMw,fun,BA716E6D,sceVshLftvMw_BA716E6D,
sceVshLftvMw,fun,C31DB15F,EasyRegUtil_registration,matching
sceVshLftvMw,fun,C758B54C,sceVshLftvMw_C758B54C,
sceVshLftvMw,fun,C76755BE,sceVshLftvMw_C76755BE,
sceVshLftvMw,fun,CDBD700D,sceVshLftvMw_CDBD700D,
sceVshLftvMw,fun,D60D6F2D,lfxReleaseFrameBuffer,matching
sceVshLftvMw,fun,D65A6887,sceVshLftvMw_D65A6887,
sceVshLftvMw,fun,DC43D852,TvMgr_CH_Enter,matching
sceVshLftvMw,fun,DEAE9FE4,sceVshLftvMw_DEAE9FE4,
sceVshLftvMw,fun,E16F62EC,sysInfoWriteModelInfo,matching
sceVshLftvMw,fun,E34E30CE,sceVshLftvMw_E34E30CE,
sceVshLftvMw,fun,E6A8CAC0,lfxGetNextFrame,matching
sceVshLftvMw,fun,FF42F668,NetAVMgr_Init,matching
sceVshLftvMw,fun,FFC9E6E4,EasyRegUtil_Initialize,matching
sceVshLftvMw,fun,02B90A77,sceVshLftvMw_02B90A77,
sceVshLftvMw,fun,0F4C7566,sceVshLftvMw_0F4C7566,
sceVshLftvMw,fun,1286EC71,sceVshLftvMw_1286EC71,
sceVshLftvMw,fun,158A8694,sceVshLftvMw_158A8694,
sceVshLftvMw,fun,20B8749E,sceVshLftvMw_20B8749E,
sceVshLftvMw,fun,3A97BE34,sceVshLftvMw_3A97BE34,
sceVshLftvMw,fun,52534BFC,sceVshLftvMw_52534BFC,
sceVshLftvMw,fun,52B75CA2,sceVshLftvMw_52B75CA2,
sceVshLftvMw,fun,7DE096E1,sceVshLftvMw_7DE096E1,
sceVshLftvMw,fun,8F9696A6,sceVshLftvMw_8F9696A6,
sceVshLftvMw,fun,90F61DE5,sceVshLftvMw_90F61DE5,
sceVshLftvMw,fun,917EBC8B,sceVshLftvMw_917EBC8B,
sceVshLftvMw,fun,9428A3E7,sceVshLftvMw_9428A3E7,
sceVshLftvMw,fun,B35F5B54,sceVshLftvMw_B35F5B54,
sceVshLftvMw,fun,B6D84F2C,sceVshLftvMw_B6D84F2C,
sceVshLftvMw,fun,B80CA89E,sceVshLftvMw_B80CA89E,
sceVshLftvMw,fun,BBFE6E75,sceVshLftvMw_BBFE6E75,
sceVshLftvMw,fun,BC2B54A1,sceVshLftvMw_BC2B54A1,
sceVshLftvMw,fun,F094575C,sceVshLftvMw_F094575C,
sceVshLftvMw,fun,00070401,sceVshLftvMw_00070401,
sceVshLftvMw,fun,124EB3A7,sceVshLftvMw_124EB3A7,
sceVshLftvMw,fun,2AA54B6E,sceVshLftvMw_2AA54B6E,
sceVshLftvMw,fun,7C57D005,sceVshLftvMw_7C57D005,
sceVshLftvMw,fun,8045B618,sceVshLftvMw_8045B618,
sceVshLftvMw,fun,89DC95D4,sceVshLftvMw_89DC95D4,
sceVshLftvMw,fun,97E26AB2,sceVshLftvMw_97E26AB2,
sceVshLftvMw,fun,BF50FCE1,sceVshLftvMw_BF50FCE1,
sceVshLftvMw,fun,F2433232,sceVshLftvMw_F2433232,
sceVshLftvMw,fun,6349EB0D,sceVshLftvMw_6349EB0D,
sceVshLftvMw,fun,7B62D7EC,sceVshLftvMw_7B62D7EC,
sceVshLftvMw,fun,F607E351,sceVshLftvMw_F607E351,
syslib,fun,D632ACDB,module_start,matching
syslib,fun,CEE8593C,module_stop,matching
syslib,var,F01D73A7,module_info,matching
syslib,var,11B97506,module_sdk_version,matching
syslib,var,0F7C276C,module_start_thread_parameter,matching
